FID,CODE,THEME,PAYS,IDUU,Shape_Le_1,Shape_Area,NOM,SUM_SUPERF,Shape_Leng,latitude,longitude,map_format
1,4200012,LA,SN, a3727009-f80a-4553-8901-cd35ee034ce,135120.744512,417781832.979,Cabrousse,417.781832979,135120.744512,12.433621694832597,-16.65562414805448,"12.433621694832597, -16.65562414805448"
2,4200012,LA,SN, 39db0847-f257-428f-a98e-d130abb79d2,115297.924897,445704402.043,Niassia,445.704402043,115297.924897,12.485662535350517,-16.39045759473242,"12.485662535350517, -16.39045759473242"
3,4200012,LA,SN, 47e29649-064b-472e-8ee8-422640e5a03,155874.312506,746300855.839,Djibanar,746.300855839,155874.312506,12.5213007560489,-15.722710471925737,"12.5213007560489, -15.722710471925737"
4,4200012,LA,SN, 77f917ed-3cb6-4201-bfd3-728567e9dbd,107879.795749,459989496.014,Loudia Wolof,459.989496014,107879.795749,12.512514680044818,-16.57554602452626,"12.512514680044818, -16.57554602452626"
5,4200012,LA,SN, d144c533-b53c-430c-afbd-2d2a0dd5c6b,136253.303312,679716683.153,Niaguis,679.716683153,136253.303312,12.536812545808997,-16.114354058172186,"12.536812545808997, -16.114354058172186"
6,4200012,LA,SN, 20911528-91f7-4053-9de0-652ef824e19,181356.465351,1320282413.72,Fongolembi,1320.28241372,181356.465351,12.551263931958395,-11.978798475504503,"12.551263931958395, -11.978798475504503"
7,4200012,LA,SN, a6ae2e62-0736-4711-9bca-7865a21282c,217379.187381,1235959331.86,Dar Salam,1235.95933186,217379.187381,12.655547549197848,-12.909432569433456,"12.655547549197848, -12.909432569433456"
8,4200012,LA,SN, c7ea2bdf-54e4-4b12-82f5-987daf6cba2,120904.33789,537241815.844,Simbandi Brassou,537.241815844,120904.33789,12.661502124482013,-15.366666845981767,"12.661502124482013, -15.366666845981767"
9,4200012,LA,SN, 070e0965-2f4a-4ef0-a575-eb6b8949010,247116.64941,1233526995.21,Pakour,1233.52699521,247116.64941,12.75918531274281,-13.969656781102286,"12.75918531274281, -13.969656781102286"
10,4200012,LA,SN, bf2a6363-c62f-41f3-8195-6f5b21e9ec9,181816.739758,920686854.5,Tendouck,920.6868545,181816.739758,12.742083966790059,-16.461395414560975,"12.742083966790059, -16.461395414560975"
11,4200012,LA,SN, 1b3bec76-a584-4ca4-9942-60f4da98335,180571.126983,1079120052.08,Tanghori,1079.12005208,180571.126983,12.743260649003613,-16.178246583485198,"12.743260649003613, -16.178246583485198"
12,4200012,LA,SN, 91f775de-7107-4ce9-9f5a-2fb144ab361,138315.441311,668579992.259,Djibabouya,668.579992259,138315.441311,12.804681099662707,-15.881552647976138,"12.804681099662707, -15.881552647976138"
13,4200012,LA,SN, 600e33f0-a259-4d3f-9981-80061f74098,286759.894357,2460151620.73,Mampatim,2460.15162073,286759.894357,12.856530271717823,-14.491173608112385,"12.856530271717823, -14.491173608112385"
14,4200012,LA,SN, d9159902-3eda-415d-9467-da91d281754,105802.024701,573105277.465,Saré Bidji,573.105277465,105802.024701,12.94289746449908,-15.036762428773994,"12.94289746449908, -15.036762428773994"
15,4200012,LA,SN, b247ae08-6fc0-4d14-a83d-02546f01fe0,210985.216753,1446953007.86,Sindian,1446.95300786,210985.216753,13.030202487438233,-16.147381894502924,"13.030202487438233, -16.147381894502924"
16,4200012,LA,SN, 4c488ac5-11e5-4276-a6cf-44427a8f8cc,256528.74646,1879368269.46,Kataba 1,1879.36826946,256528.74646,12.927035921622796,-16.595831687596018,"12.927035921622796, -16.595831687596018"
17,4200012,LA,SN, 2fd70725-1298-42bc-8452-8af0701e49c,218416.239142,1368237376.14,Saré Coly Sallé,1368.23737614,218416.239142,13.064780037412081,-14.105345380797626,"13.064780037412081, -14.105345380797626"
18,4200012,LA,SN, 242a3f9b-6632-4d7f-b24e-021507ab975,167052.862235,810301925.147,Bona,810.301925147,167052.862235,13.061281523076888,-15.801707558842255,"13.061281523076888, -15.801707558842255"
19,4200012,LA,SN, c59df25b-b47b-470f-b459-5ff4c257b82,402367.064971,4238761530.44,Sabodala,4238.76153044,402367.064971,13.167791811354917,-11.956942935135453,"13.167791811354917, -11.956942935135453"
20,4200012,LA,SN, 637c6989-c48a-4d71-9321-ea80b3da7e5,447778.893985,2881641615.45,Bonconto,2881.64161544,447778.893985,13.045455093642712,-13.725251612701731,"13.045455093642712, -13.725251612701731"
21,4200012,LA,SN, a7dfe308-8db9-4e36-a5de-6d7b2f00e43,248867.2078,2132033424.39,Ndorna,2132.03342439,248867.2078,13.137791942802476,-14.99093068108935,"13.137791942802476, -14.99093068108935"
22,4200012,LA,SN, abd48398-7a9e-4472-8661-4ccb9aa7d34,214735.688108,1780597821.92,Makacoutibantang,1780.59782192,214735.688108,13.652153958998111,-14.095988941751544,"13.652153958998111, -14.095988941751544"
23,4200012,LA,SN, 38d15d70-98be-41e0-b979-3f406eeb215,876456.421761,8448421331.94,Missira,8448.42133194,876456.421761,13.253140303920816,-13.217787762494522,"13.253140303920816, -13.217787762494522"
24,4200012,LA,SN, 85ebf33b-78bf-4fb7-889b-efdc3e66db7,135063.441253,706171411.458,Wak Ngouna,706.171411458,135063.441253,13.717551168242402,-16.066424123455903,"13.717551168242402, -16.066424123455903"
25,4200012,LA,SN, ffe59037-fb7e-4f21-b6ce-cbe42ee5cc9,211689.865061,1454722939.38,Toubakouta,1454.7229394,211689.865061,13.72696735728325,-16.39314135445705,"13.72696735728325, -16.39314135445705"
26,4200012,LA,SN, 252a12a0-d1e6-4e3a-9a10-d656e8e9208,178323.669358,1242638699.43,Katakel,1242.63869943,178323.669358,13.904178736332153,-15.343401710334625,"13.904178736332153, -15.343401710334625"
27,4200012,LA,SN, 888df023-62bf-4b64-b0ec-bdeeca99520,180680.553725,623273719.874,Niodior,623.273719854,180680.553725,13.915693824602384,-16.61661370746011,"13.915693824602384, -16.61661370746011"
28,4200012,LA,SN, b087a8bc-9dfd-4ef9-9173-1f06706f5e7,141628.483532,856477472.953,Djilor,856.477472953,141628.483532,14.012596041163254,-16.358212944391173,"14.012596041163254, -16.358212944391173"
29,4200012,LA,SN, 5e0f264c-2bc4-48ab-a0ae-a36f53f84a1,137699.186449,625103745.196,Ndiédiéng,625.103745196,137699.186449,14.003189494804008,-16.139638157490968,"14.003189494804008, -16.139638157490968"
30,4200012,LA,SN, 48b588d6-24c9-45d0-acd0-ca19e3bc2b5,169717.160677,825578731.514,Koumbal,825.578731514,169717.160677,14.01246122511864,-15.923265293808743,"14.01246122511864, -15.923265293808743"
31,4200012,LA,SN, e168c7a0-e542-4349-8ed1-5c7b1ab5856,368369.166726,3024134948.14,Dianké Makan,3024.13494814,368369.166726,13.574386708850882,-12.663531927562195,"13.574386708850882, -12.663531927562195"
32,4200012,LA,SN, 7cd5d21d-b232-4b2c-9e9f-02abdd15282,160085.147057,1037299846.78,Fimla,1037.29984678,160085.147057,14.170384459367767,-16.623670281023543,"14.170384459367767, -16.623670281023543"
33,4200012,LA,SN, 5c1fe4f4-85eb-4cab-af0c-da2c96083b0,114668.586092,453504854.367,Sibassor,453.504854367,114668.586092,14.248195424624775,-16.2283581508911,"14.248195424624775, -16.2283581508911"
34,4200012,LA,SN, 4394629c-684d-447b-bde9-b35327eabfc,108698.958972,543808094.64,Mbadakhoune,543.80809464,108698.958972,14.218878053427007,-15.945532435254698,"14.218878053427007, -15.945532435254698"
35,4200012,LA,SN, 49fe15d0-e207-40a0-810b-4b72b73895c,320285.916337,3135686867.09,Koussanar,3135.68686709,320285.916337,14.039382580361666,-13.79950412822283,"14.039382580361666, -13.79950412822283"
36,4200012,LA,SN, 8d6a4fef-f3c8-430a-8272-18b3ea2a9e3,390660.486567,3493402989.09,Kéniéba,3493.40298909,390660.486567,13.818053414855592,-12.130109652192639,"13.818053414855592, -12.130109652192639"
37,4200012,LA,SN, bddd8819-a712-4c04-a6f1-ece23680ef6,121866.230476,625154983.799,Mabo,625.154983799,121866.230476,13.955057407973273,-15.634929996001608,"13.955057407973273, -15.634929996001608"
38,4200012,LA,SN, 925e5c76-3e89-412f-bad1-d4785c7be16,169024.02219,693554926.005,Séssène,693.554926005,169024.02219,14.339843533951743,-16.7759360318958,"14.339843533951743, -16.7759360318958"
39,4200012,LA,SN, c952fa7a-7735-4873-aeec-01838be4912,99529.001373,518882612.694,Ouadiour,518.882612694,99529.001373,14.462321424761376,-16.05314275939484,"14.462321424761376, -16.05314275939484"
40,4200012,LA,SN, 2617834e-f4f2-429a-98f0-2847ee24ab3,113879.814262,531131395.578,Tataguine,531.131395578,113879.814262,14.391248372766098,-16.529571172781388,"14.391248372766098, -16.529571172781388"
41,4200012,LA,SN, 2cab4777-b366-41cf-8b25-fe434a76313,188362.274691,651309600.397,Diakhao,651.309600397,188362.274691,14.381364713537403,-16.291696721106433,"14.381364713537403, -16.291696721106433"
42,4200012,LA,SN, dd819d1d-2ad3-4bf2-b63b-050c5ed3730,106050.621538,403199765.627,Niakhar,403.199765627,106050.621538,14.500111292771697,-16.40268615373653,"14.500111292771697, -16.40268615373653"
43,4200012,LA,SN, ebd8c25e-70dd-4899-9b7a-bde4d758d92,334592.594857,5053976019.22,Koutiaba Wolof,5053.97601922,334592.594857,14.247161433027859,-14.26583030638292,"14.247161433027859, -14.26583030638292"
44,4200012,LA,SN, 08cad5d5-4923-45e6-8d59-0751c113372,100194.739374,487505357.143,Fissel,487.505357143,100194.739374,14.558926107843774,-16.677038608995638,"14.558926107843774, -16.677038608995638"
45,4200012,LA,SN, 813985ba-f3e7-42bf-942e-43461b4d973,242790.470951,1855111021.85,Bellé,1855.11102185,242790.470951,14.36124446290813,-12.346768293756744,"14.36124446290813, -12.346768293756744"
46,4200012,LA,SN, 65bed2ae-c633-4709-9013-a70d4a79a19,140859.2915,712540308.949,Sindia,712.54030894,140859.2915,14.505448849779908,-16.987758830505545,"14.505448849779908, -16.987758830505545"
47,4200012,LA,SN, a99694ba-7aad-4218-9874-b88943fa68c,241072.420419,2173217007.43,Missira Wadène,2173.21700743,241072.420419,14.288675390727885,-14.958915182186661,"14.288675390727885, -14.958915182186661"
48,4200012,LA,SN, 9a5871b1-0424-4cdc-9d67-6291c9bd50e,192464.096453,1245714333.25,Ida Mouride,1245.71433325,192464.096453,13.947233348080152,-14.811756729508991,"13.947233348080152, -14.811756729508991"
49,4200012,LA,SN, 3a3fae8f-9694-41c4-bef6-dd9d65cbc80,408372.412411,6766480161.94,Koular,6766.48016194,408372.412411,14.303169426275588,-13.080893666460922,"14.303169426275588, -13.080893666460922"
50,4200012,LA,SN, 6eea56bb-18bb-4ab1-b294-a6a8ada30c1,174541.403906,1623403641.98,Darou Minam 2,1623.40364198,174541.403906,14.482644091523166,-15.237081489601122,"14.482644091523166, -15.237081489601122"
51,4200012,LA,SN, bb2c676d-d58a-43f1-95c5-cd00a031177,163206.053749,933220254.961,Colobane,933.220254961,163206.053749,14.565717512905817,-15.718839380548651,"14.565717512905817, -15.718839380548651"
52,4200012,LA,SN, 899ceb8f-9c9e-4c18-ba36-4a7f1878f8e,99561.8122484,501052894.986,Noto,501.052894986,99561.8122484,14.649936502071904,-16.873640993237515,"14.649936502071904, -16.873640993237515"
53,4200012,LA,SN, c4ac07b7-380a-4788-aaca-cec9d2d57f5,126860.599205,701935334.675,Kaèl,701.935334675,126860.599205,14.660230054443351,-15.92486239870445,"14.660230054443351, -15.92486239870445"
54,4200012,LA,SN, 8e5c8154-e90b-47ed-81c8-fd2f285aa27,110427.161633,650132443.019,Ndoulo,650.132443019,110427.161633,14.65989682792462,-16.187901818562263,"14.65989682792462, -16.187901818562263"
55,4200012,LA,SN, 7adc183e-1c61-4b25-aff5-fba1dd88c15,109316.905408,467676037.891,Ngoye,467.676037891,109316.905408,14.679408838165344,-16.450084831869862,"14.679408838165344, -16.450084831869862"
56,4200012,LA,SN, 0f0d7183-a095-4cb3-90aa-a3b7f450a7f,106948.599656,583547396.18,Taïf,583.54739618,106948.599656,14.757714077227304,-15.583413424303682,"14.757714077227304, -15.583413424303682"
57,4200012,LA,SN, aea5f064-7971-49ca-901a-d4ce359dcf7,89235.9129981,466746636.033,Lambaye,466.746636033,89235.9129981,14.807496745257673,-16.492125583000746,"14.807496745257673, -16.492125583000746"
58,4200012,LA,SN, 75fc5f23-346c-42cf-8885-fd47077c470,100750.968397,539296519.427,Thiénaba,539.296519427,100750.968397,14.780639679796986,-16.713461609980172,"14.780639679796986, -16.713461609980172"
59,4200012,LA,SN, b94955f6-b1c0-4096-b07b-08aee1c5bf2,126992.253212,567712388.844,Keur Moussa,567.712388854,126992.253212,14.796752323431493,-17.01503720491897,"14.796752323431493, -17.01503720491897"
60,4200012,LA,SN, 0eef154c-6403-4c77-bc70-77bd6ae685d,139214.817217,954781302.832,Ndame,954.781302832,139214.817217,14.865664116173884,-15.918292272113339,"14.865664116173884, -15.918292272113339"
61,4200012,LA,SN, 27926134-fce0-437d-9b6f-6e356e99b50,109583.204642,636038312.055,Ndindy,636.038312055,109583.204642,14.877563800338576,-16.24737612911407,"14.877563800338576, -16.24737612911407"
62,4200012,LA,SN, c1eba1c7-ed3f-4663-8a9b-48e4d10f307,88142.2126984,398877690.806,Baba Garage,398.877690806,88142.2126984,14.940281276269593,-16.514056635426748,"14.940281276269593, -16.514056635426748"
63,4200012,LA,SN, 03e01103-72b0-4168-a4e7-add7e4dcc56,139641.410159,682537153.392,Pambal,682.537153392,139641.410159,14.939616297541328,-16.887849138402242,"14.939616297541328, -16.887849138402242"
64,4200012,LA,SN, fac650fd-8e8c-4fff-a327-49234ad8700,202787.132771,1352245795.82,Moudéri,1352.24579582,202787.132771,14.800308793807302,-12.447736635291628,"14.800308793807302, -12.447736635291628"
65,4200012,LA,SN, 429d5139-0164-4ce3-b2a2-9a3967a2898,135207.124076,640176553.764,Mérina Dakhar,640.176553764,135207.124076,15.092120503490875,-16.53469090810612,"15.092120503490875, -16.53469090810612"
66,4200012,LA,SN, f8b88faa-1cee-4bb3-9acb-f150fef6daa,139456.368877,969712040.303,Méouane,969.712040303,139456.368877,15.136116569234636,-16.81012540280289,"15.136116569234636, -16.81012540280289"
67,4200012,LA,SN, 36551090-fd8a-40bf-b51e-f9c0c9d4721,173510.652719,791979460.184,Niakhène,791.979460184,173510.652719,15.15422792212936,-16.346557807110546,"15.15422792212936, -16.346557807110546"
68,4200012,LA,SN, c97ba0c9-97a8-43eb-85ac-b9bb61cb714,170233.982153,1606829192.79,Darou Mousty,1606.82919279,170233.982153,15.151495119700918,-15.995563080551339,"15.151495119700918, -15.995563080551339"
69,4200012,LA,SN, d015e04a-3483-4f0b-91c4-ef06773a44a,366843.257893,6137616722.5,Barkédji,6137.6167225,366843.257893,15.023060634139926,-15.011019151971245,"15.023060634139926, -15.011019151971245"
70,4200012,LA,SN, 7ffe26cd-92d6-44a7-b7c8-fffcbfd271e,154072.579935,830500040.964,Sagata Geth,830.500040964,154072.579935,15.342740160451733,-16.233436092731896,"15.342740160451733, -16.233436092731896"
71,4200012,LA,SN, 181059b2-2123-4ec2-9bcb-a2d344286b2,221474.033245,2916138495.37,Sagata Diolof,2916.13849537,221474.033245,15.182231547474906,-15.59780177285164,"15.182231547474906, -15.59780177285164"
72,4200012,LA,SN, 80088d5a-60e7-47b9-8f26-63638e9897e,419010.46216,6119707840.82,Ouro Sidi,6119.70784082,419010.46216,14.987294332962476,-13.253798996165898,"14.987294332962476, -13.253798996165898"
73,4200012,LA,SN, cb39db14-2076-497a-95f1-c49cc265419,172473.265877,1509678040.77,Ndande,1509.67804077,172473.265877,15.443872126557132,-16.558583884515546,"15.443872126557132, -16.558583884515546"
74,4200012,LA,SN, 782de541-0709-400e-a3ea-83d6ef128a9,115583.74321,755039309.119,Mbédiène,755.039309119,115583.74321,15.583604545412097,-16.188321130833433,"15.583604545412097, -16.188321130833433"
75,4200012,LA,SN, dc37950c-9d41-408e-895b-6420d29a9c6,294784.755368,4406210623.23,Yang-Yang,4406.21062323,294784.755368,15.742340237223994,-15.275712154931824,"15.742340237223994, -15.275712154931824"
76,4200012,LA,SN, b87771ad-f411-40fb-836a-ce4dd91a58a,362100.724643,3871543792.85,Ogo,3871.54379285,362100.724643,15.639530847254848,-13.577637942619528,"15.639530847254848, -13.577637942619528"
77,4200012,LA,SN, 58124798-f568-4427-a414-517d4e575f1,143971.332293,800372168.301,Rao,800.372168301,143971.332293,15.957735409152756,-16.37125451289442,"15.957735409152756, -16.37125451289442"
78,4200012,LA,SN, 160388de-9c99-468e-88b4-1f30ddf03c2,208035.828688,1874045314.76,Agnam Civol,1874.04531476,208035.828688,15.890738678250438,-13.740440934769707,"15.890738678250438, -13.740440934769707"
79,4200012,LA,SN, 79f2adb5-ba82-4055-a70e-c0abfe78032,232574.526221,2823056474.78,Keur Momar Sarr,2823.05647478,232574.526221,15.84516048982568,-15.836858038172947,"15.84516048982568, -15.836858038172947"
80,4200012,LA,SN, 142202ab-9dbe-407e-aebe-297d98cd48d,279388.652585,2744047968.04,Saldé,2744.04796804,279388.652585,15.8832304308397,-14.142328788234497,"15.8832304308397, -14.142328788234497"
81,4200012,LA,SN, 71cbb46c-6d43-49fe-a9f6-8d228d62cd7,271388.694085,3116807322.47,Cas Cas,3116.80732247,271388.694085,16.182299141077383,-14.317378000577758,"16.182299141077383, -14.317378000577758"
82,4200012,LA,SN, 5964988c-1f54-4267-ac66-a8ad6475149,296487.670711,3116614643.87,Ndiaye Ngènt,3116.61464387,296487.670711,16.282943754479817,-16.094274659409418,"16.282943754479817, -16.094274659409418"
83,4200012,LA,SN, 5179460f-7638-4b60-aa21-c10c0bf6640,266054.493041,3205729929.71,Thillé Boubakar,3205.72992971,266054.493041,16.312953490956044,-15.164721758433052,"16.312953490956044, -15.164721758433052"
84,4200012,LA,SN, 75741d40-0ccf-43e5-985e-3b52b7ede1b,407274.398515,3861477498.67,Gamadji Sarré,3861.47749867,407274.398515,16.329524940064378,-14.705601122367247,"16.329524940064378, -14.705601122367247"
85,4200012,LA,SN, 780b04e4-368e-4d96-9f29-37a432c73f3,191902.631408,800241812.26,Diaroumé,800.24181226,191902.631408,13.03794853413748,-15.501423068577196,"13.03794853413748, -15.501423068577196"
86,4200012,LA,SN, f5213a73-ec9f-44c3-8386-1aa94e66176,189527.806003,1252958053.99,Bogal,1252.95805399,189527.806003,13.241511625550036,-15.540660304378545,"13.241511625550036, -15.540660304378545"
87,4200012,LA,SN, 2649d37a-5fd4-4336-b7fa-3c5b5703b96,142766.320503,688790950.095,Djirédji,688.790950095,142766.320503,12.653426541437945,-15.734543893045794,"12.653426541437945, -15.734543893045794"
88,4200012,LA,SN, 0d455cd6-f27c-4752-b1d4-b6ffaa328c9,115097.65391,470165211.842,Karantaba,470.165211842,115097.65391,12.777468209460237,-15.348299957667429,"12.777468209460237, -15.348299957667429"
89,4200012,LA,SN, 4aefadd6-5036-4892-b1c6-e5cc92a475b,112267.454452,555365478.756,Dioulacolon,555.365478756,112267.454452,12.763664974898031,-14.977035054443629,"12.763664974898031, -14.977035054443629"
90,4200012,LA,SN, aed58ee9-6022-446a-a7ee-1d7fe75f770,213757.78242,1662254864.77,Niaming,1662.25486477,213757.78242,13.358039886184564,-14.898576976569043,"13.358039886184564, -14.898576976569043"
91,4200012,LA,SN, 2527bcb9-ca80-4aa3-8aa0-00d0e8c9f6f,136022.894583,885369693.593,Fafacourou,885.369693593,136022.894583,13.128578098024493,-14.504697361975387,"13.128578098024493, -14.504697361975387"
92,4200012,LA,SN, 67ce5acd-0cab-49cf-9af3-ee6a094696d,180154.368153,751259640.694,Dakatéli,751.259640694,180154.368153,12.517282558565856,-12.622258196612828,"12.517282558565856, -12.622258196612828"
93,4200012,LA,SN, b35e3e14-0021-4771-8a81-518e6157a45,405073.929623,3655578507.0,Bembou,3655.578507,405073.929623,12.743228858787377,-11.687490055685332,"12.743228858787377, -11.687490055685332"
94,4200012,LA,SN, 7e2c4d3b-c716-4957-ab7f-d7679835da4,274120.927585,2823135665.78,Bala,2823.13566578,274120.927585,13.760625891080714,-13.193061040716783,"13.760625891080714, -13.193061040716783"
95,4200012,LA,SN, ddb13abe-76b7-4195-8762-5bdbc9e89fd,253252.620509,3058622466.6,Bouinguel Bamba,3058.6224666,253252.620509,13.961851775363021,-12.614228235526005,"13.961851775363021, -12.614228235526005"
96,4200012,LA,SN, fe89a2f8-ce74-46dd-9c1c-5fad2128336,199850.950037,1821382452.12,Bamba Tialène,1821.38245212,199850.950037,13.811996514936654,-14.544242731318564,"13.811996514936654, -14.544242731318564"
97,4200012,LA,SN, 6e8517fb-bd56-4c03-96a9-b5302358dd2,162133.428916,1125676819.24,Lour Escale,1125.67681924,162133.428916,14.32340247116868,-14.71619422617876,"14.32340247116868, -14.71619422617876"
98,4200012,LA,SN, f772a69f-9030-48dc-9c0c-306b162ebef,114159.521241,613658276.734,Médina Sabakh,613.658276734,114159.521241,13.691994720926605,-15.566826431614567,"13.691994720926605, -15.566826431614567"
99,4200012,LA,SN, cfc62370-0ebb-4c75-83ab-df1c586557f,134478.928198,1067667191.04,Sagna,1067.66719104,134478.928198,14.16142082944141,-15.272868375247484,"14.16142082944141, -15.272868375247484"
100,4200012,LA,SN, 1efc41ec-6f01-4f12-af55-3d9ae4c4314,169120.697724,1427136691.53,Gnibi,1427.13669153,169120.697724,14.323716844191251,-15.534994103621724,"14.323716844191251, -15.534994103621724"
101,4200012,LA,SN, 10439693-0f6f-4896-81bf-d3157c0b4d7,93857.6062339,526415370.343,Keur Mboucki,526.415370343,93857.6062339,14.167742674856012,-15.742534541652251,"14.167742674856012, -15.742534541652251"
102,4200012,LA,SN, 4d77c295-7cae-42a4-bd88-8e700d2f279,154458.263689,536293720.262,Nguélou,536.293720262,154458.263689,14.350332460498107,-15.888175618443023,"14.350332460498107, -15.888175618443023"
103,4200012,LA,SN, 8e684c79-0a58-412d-9b97-0cd37fe2094,0.0,0.0,Nguelou,0.0,0.0,,,
104,4200012,LA,SN, 09ebb9f2-36d3-476d-aa46-fe1c93a970a,144216.446594,1005418094.55,Paoscoto,1005.41809455,144216.446594,13.762628825553739,-15.834455639647109,"13.762628825553739, -15.834455639647109"
105,4200012,LA,SN, 14f9485b-8efa-40f4-b0b5-86edde0c189,282272.123271,2534245237.81,Orkadiéré,2534.24523781,282272.123271,14.948853940925602,-12.830851112300692,"14.948853940925602, -12.830851112300692"
106,4200012,LA,SN, 5dd43a45-6be2-4622-bf3f-34f29270fc7,658210.074324,14430220082.0,Vélingara,14430.220082,658210.074324,15.032052819166124,-14.132782012867361,"15.032052819166124, -14.132782012867361"
107,4200012,LA,SN, 2f6eae87-9232-4966-a60f-c56ef486341,237973.913711,2165288408.45,Mbane,2165.28840845,237973.913711,16.270542849933566,-15.5784136866819,"16.270542849933566, -15.5784136866819"
108,4200012,LA,SN, e20a9b0c-806c-41a6-92ae-1cbd531a5d8,273552.143382,2537171284.5,Dodji,2537.1712845,273552.143382,15.580131643303204,-14.93229671242967,"15.580131643303204, -14.93229671242967"
109,42000120,LA,SN, c06bfe79-2c07-4395-8786-fd129464bef,127821.729929,898622389.7,Koki,898.6223897,127821.729929,15.499093872203046,-15.955840632751196,"15.499093872203046, -15.955840632751196"
110,4200012,LA,SN, 5d98c7bb-4991-4793-a9fc-72206dbc452,167733.204578,1198402930.23,Sakal,1198.40293023,167733.204578,15.775502541023569,-16.306781766839617,"15.775502541023569, -16.306781766839617"
111,4100012,LA,SN, 3d7f2903-7041-4a59-8ccd-985b7c37d6c,592969.428185,5701786032.0,Bandafassi,5701.786032,592969.428185,12.814671914427025,-12.539562665645352,"12.814671914427025, -12.539562665645352"
112,4200012,LA,SN, c32d4a20-f49d-4547-bb28-0bf152c5042,202911.748855,1378387000.15,Diendé,1378.38700015,202911.748855,12.884348460690115,-15.426316954244797,"12.884348460690115, -15.426316954244797"
113,4200012,LA,SN, bb6dd812-9b10-4447-be18-a106208f1e9,33977.2040098,19004577.3973,Grand Dakar,19.0045775389,33977.2040098,14.714724898904556,-17.440122430313373,"14.714724898904556, -17.440122430313373"
114,4200012,LA,SN, 3565dff6-e9d0-498c-abbe-4a5d7532d1f,34711.3020339,30085438.8103,Almadies,30.0854388063,34711.3020339,14.736149793988293,-17.485352273405404,"14.736149793988293, -17.485352273405404"
115,4200012,LA,SN, c85c0b99-808c-48d6-91bc-1db97d9dbbf,19878.6319631,14986987.4867,Parcelles Assainies,14.9869873732,19878.6319631,14.74823967994035,-17.445854778821534,"14.74823967994035, -17.445854778821534"
116,4200012,LA,SN, 5e546726-0520-4e6c-a993-a5daa547b54,22683.0026364,13155361.2314,Guédiawaye,13.1553612699,22683.0026364,14.776017283006055,-17.393824574900854,"14.776017283006055, -17.393824574900854"
117,4200012,LA,SN, 0b6fb10a-e2b4-41e5-8c17-d044c793729,19406.4731505,14781354.1056,Pikine Dagoudane,14.78135419,19406.4731505,14.753425602819506,-17.40030194533505,"14.753425602819506, -17.40030194533505"
118,42000120,LA,SN, bc41b6e8-e51a-44e7-b091-cc5ce4dae43,29593.9986787,31278709.7286,Thiaroye,31.2787098206,29593.9986787,14.74824144585871,-17.33757769034073,"14.74824144585871, -17.33757769034073"
119,4200012,LA,SN, dc72b25c-96a0-42f4-acd1-670568251fc,29902.3654854,40507984.6696,Niayes,40.5079846855,29902.3654854,14.786713238219932,-17.326799942386888,"14.786713238219932, -17.326799942386888"
120,4200012,LA,SN, c4469fb5-50be-44e5-adac-5ccbb1b88fa,23257.5367277,24980783.144,Rufisque-Est,24.9807831521,23257.5367277,14.726187981727414,-17.271403835710235,"14.726187981727414, -17.271403835710235"
121,4100012,LA,SN, 7c0e3170-10a2-4d27-965a-d815d929463,86431.6807439,331847421.979,Sangalkam,331.84742179,86431.6807439,14.7616714884893,-17.200152419098618,"14.7616714884893, -17.200152419098618"
122,4200012,LA,SN, 4bc86a15-3eb5-465c-8894-6714b4eafdf,36040.0467822,14859608.2034,Dakar Plateau,14.8596081861,36040.0467822,14.681100034123883,-17.449338949465353,"14.681100034123883, -17.449338949465353"
